Nombre,País,Nº contacto
Ais producciones,CHILE,56987054160
Cucarro producciones limitada ,CHILE,56935039844
C&m musicos - musica y asesorias musicales,CHILE,56982842595
Eventos comunidad ombligo limitada,CHILE,56938037004
Alto la torre,CHILE,56911128539
Expat,CANADA,1376542840
Rove.me,BELGICA,3219126688
Producciones y eventos empire digital limitada,CHILE,56939058051
Producciones seven time entertainment group limitada,CHILE,56931242846
Comercial audio tec limitada,CHILE,56950832829
fullevent.de,ALEMANIA,4996934169
PIEDRA MALA PRODUCCIONES ,ARGENTINA,54975092425
Alva producciones ltda,CHILE,56929039874
Gn Producciones,COLOMBIA,57974815035
Blackgaton,BRASIL,55987249505
Onlygroundmusic,COLOMBIA,57968968795
Mundo Epika,BRASIL,55922519509
Andeschimp spa,CHILE,56966594257
TONICAS PRODUCCIONES ,ARGENTINA,54969001174
Centro eventos torres de paine,CHILE,56965706463
Multimusica s.a.,CHILE,56979416582
Carlos alberto perez alegria productora de eventos e.i.r.l,CHILE,56910378232
Sydney WorldPride,AUSTRALIA,6136289616
OZONO & PIEDRA MALA PRODUCCIONES ,ARGENTINA,54985656767
ARIEL DIWAN PRODUCCIONES S.R.L. ,ARGENTINA,54995594838
Wlaceventos,CHILE,56912686146
Trimade eventos limitada ,CHILE,56930524173
Producciones oz limitada,CHILE,56944340617
Agosin eventos,CHILE,56969057647
Yataco,BRASIL,55959997398
Colors producciones limitada,CHILE,56948771726
UN PLAN PRODUCCIONES ,ARGENTINA,54917532684
Venue Hire Sydney,AUSTRALIA,6136093629
LINO PATALANO ,ARGENTINA,54985244788
Centro de convenciones santiago s.a.,CHILE,56952535504
Virtualia (productora de eventos),CHILE,56920544795
Europages,ALEMANIA,4958133005
Dreams - eventos,CHILE,56924340198
AV Company,AUSTRALIA,6177546140
CMG Audio Visual,AUSTRALIA,6147759107
Padrao Bull Prime,BRASIL,55911684208
ATIPICA ,ARGENTINA,54954578274
Centro de eventos dona sofia,CHILE,56970591810
Weise y asociados limitada,CHILE,56966193097
Animationphoenix,COLOMBIA,57972352799
Comercial visto bueno producciones limitada,CHILE,56987858010
Sonnica producciones,CHILE,56974792305
Beone - entertainment limitada,CHILE,56949887315
Eventos mudness limitada,CHILE,56937637012
Actividades de entretenimiento n.c. p fabiola patricia fabres cerda em ,CHILE,56961071697
Eventveranstalter Hamburg,ALEMANIA,4988688472
LetsGo Company,ESPAÑA,34975957941
Reverb - productora de eventos,CHILE,56961939488
Live Nation,ESPAÑA,34997188733
efeunodos,COLOMBIA,57939984095
Hispagenda,BELGICA,3213773242
Carpas karen ltda,CHILE,56968719305
Sony music entertainment chile s.a.,CHILE,56962981007
Onanof producciones limitada,CHILE,56918956533
Club providencia,CHILE,56978193322
Yataco,ALEMANIA,4941692395
Lotus producciones limitada,CHILE,56991701110
Janos Eventos,BRASIL,55951440068
Rocko Saroni Eventos,COLOMBIA,57995344929
EL MAGNO PRODUCCIONES S.R.L. ,ARGENTINA,54992630886
Soc giacaman y cia ltda,CHILE,56928442521
CK Events Germany,ALEMANIA,4957837295
Eventos Toronto Shaddai,CANADA,1367905800
Top Brand,COLOMBIA,57917249010
MEDIOS Y CONTENIDOS PRODUCCIONES ,ARGENTINA,54977963788
Corral y asociados limitada,CHILE,56931452617
Sociedad comercial metapega producciones limitada,CHILE,56911866081
Tyg Eventos y Producciones,COLOMBIA,57991126789
Latitud music spa,CHILE,56985573340
X Producciones,CHILE,56948374098
Somosfk,COLOMBIA,57925172195
Comercial caupolican limitada,CHILE,56995147821
ESPECTACULOS GALLO ,ARGENTINA,54980230860
Street machine producciones s.a.,CHILE,56974818372
FMG PRODUCCIONES ,ARGENTINA,54986502163
EventsEye,CANADA,1705851779
FEG ENTRETENIMIENTOS ,ARGENTINA,54942915097
T-entertainment multi producciones  (sebastian torres cortes e.i.r.l).,CHILE,56988565029
manatua.nz,NUEVA ZELANDA,6436087029
GJ COMUNICACIONES,COLOMBIA,57975125182
Producciones musicales massivo reccords limitada,CHILE,56921335246
Apparcel producciones limitada,CHILE,56960436244
Eventos flores y padilla limitada ,CHILE,56983878758
AS Relaciones Publicas,COLOMBIA,57991470816
Productora babilonia limitada,CHILE,56968204722
Janos Eventos,ARGENTINA,54950400756
Entretenciones jovi limitada,CHILE,56946191670
CSI DMC,ESTADOS UNIDOS,130566773
MGC,AUSTRALIA,6111002225
K PRODUCCIONES S.A.,ARGENTINA,54989688585
Global producciones spa,CHILE,56945526874
Global producciones spa,CHILE,56986324756
Capsule producciones spa,CHILE,56936344167
Iragons Party,COLOMBIA,57928123436
GL events,AUSTRALIA,6127628376
Soc concesionaria arena bicentenario s a ,CHILE,56992589376
Ditecsur,BRASIL,55954347705
The Imagos,ESTADOS UNIDOS,124187449
Revelation,ESTADOS UNIDOS,156119884
Ramasso Productora,ARGENTINA,54961624158
Ultrabeatman Entretenimiento Puro,BRASIL,55946667054
BDD Producciones,CHILE,56978907370
Torres petronas spa,CHILE,56975727061
Glovox producciones limitada,CHILE,56999913708
Productora chile espectaculos,CHILE,56915189726
Eventos mudness limitada,CHILE,56981981776
Dedalo producciones,CHILE,56991289186
Glovox producciones limitada,CHILE,56932942269
Huma Producciones,COLOMBIA,57997410324
YouTOOProject,AUSTRALIA,6197338356
ARTES Y EVENTOS INTERNACIONALES S.A. ,ARGENTINA,54944396477
GRUS ,ARGENTINA,54981582961
AP Eventos,COLOMBIA,57938839736
Cream entertainment group spa,CHILE,56961661911
GL events,BELGICA,3227268105
Recreo producciones spa,CHILE,56986784895
Grupo previa s.a.,CHILE,56980793306
K INTERNATIONAL ,ARGENTINA,54995547149
Litmind,BELGICA,3298627526
BRL Eventos,BRASIL,55946915045
Cultura ciudadana,CHILE,56955784400
Eventos flores y padilla limitada ,CHILE,56950249344
Chocolate stage s.a.,CHILE,56917441369
Eventos y producciones evolucion s.a,CHILE,56959998762
DG Medios y espectaculos s.a.,CHILE,56916238624
903,COLOMBIA,57950601431
Somosfk,BRASIL,55942340495
Kibon video,CHILE,56992881968
Eventos y producciones evolucion s.a,CHILE,56910965353
Time for fun (t4f),CHILE,56910802591
Ye & Ca Producciones ,COLOMBIA,57990126019
T4F ENTRETENIMIENTOS ARGENTINA ,ARGENTINA,54931160829
ESTADIUM LUNA PARK ,ARGENTINA,54935383652
Bautrip,BELGICA,3257121198
Vision world producciones limitada,CHILE,56938300005
Urban Music,BRASIL,55940395819
Productora de eventos moviefan limitada,CHILE,56942080958
Bizarro producciones limitada,CHILE,56924563324
Entertainment group,CHILE,56935819988
LA CRYPTA S.A. ,ARGENTINA,54996544614
Actitud creaciones,CHILE,56945716004
Brasil Stands,BRASIL,55926535235
Tolten eventos,CHILE,56994508547
MCA,AUSTRALIA,6178001589
Planet Events,ESPAÑA,34984529788
Energika eventos limitada,CHILE,56937421120
MGC,ALEMANIA,4985708353
Top Bruselas,BELGICA,3259496452
Fg producciones,CHILE,56958942074
Merci entertainment spa ,CHILE,56970483595
Xceed,BELGICA,3228194846
Arte3,CHILE,56966931492
Carlos lopez vega productora de eventos,CHILE,56945993224
Audio Level Eventos,COLOMBIA,57945999780
Medios y contenidos producciones de chile s.a.,CHILE,56965187907
Leading Event Agency,NUEVA ZELANDA,6487891147
BLAO,ARGENTINA,54928648174
Sono producciones limitada,CHILE,56916684498
B+D Events,ALEMANIA,4980743450
Andres gardeweg producciones e.i.r.l,CHILE,56910425417
Productora energy in motion limitada,CHILE,56935087505
Producciones Baltimore,ESPAÑA,34933143000
Sociedad comercial mk pro limitada,CHILE,56980076583
Canada Eventos,CANADA,1457882270
Producciones Walter Beat,COLOMBIA,57916262938
EL VASCO PRODUCCIONES ,ARGENTINA,54932741531
Productora dreams pro limitada ,CHILE,56979236210
Aguero producciones limitada,CHILE,56928968013
Privadate,COLOMBIA,57930188930
KahnEvents GmbH,ALEMANIA,4948350929
Club de la union,CHILE,56991030024
Backstage rockstore s.a.,CHILE,56941637925
Charco booking spa,CHILE,56941000398
El trebol,CHILE,56911768392
Yataco,CANADA,1487223027
Palma y compania limitada,CHILE,56966913535
Global Journey,BELGICA,3249809958
Expat,AUSTRALIA,6143967797
Expat,BELGICA,3265898429
Noix producciones limitada,CHILE,56953718355
Eventos luis maturana ortega e.i.r.l,CHILE,56926172560
PALERMO FILMS S.A. ,ARGENTINA,54919305242
Eventlocations Munchen,ALEMANIA,4968413577
Centro de eventos aravena malloco,CHILE,56968775108
Ecopass,CHILE,56960875261
Factor Eventos,COLOMBIA,57996885255
Dives eirl - productora de evento,CHILE,56999613501
German norambuena y cia ltda,CHILE,56929345513
Your Dream,COLOMBIA,57963294595
PRELUDIO PRODUCCIONES S.A. ,ARGENTINA,54934555158
Comercial cueto balmaceda limitada,CHILE,56946319019
Grandes Eventos,ESPAÑA,34986537886
Wow.cl,CHILE,56934542284
Lotus festival s.a.,CHILE,56950372617
Sach producciones y eventos limitada,CHILE,56976265552
Glamour,CHILE,56966710743
Universal circus,CHILE,56975740091
ATOMIC FILMS,ARGENTINA,54940539638
Litmind,ALEMANIA,4921039439
Globscorp,BRASIL,55982981217
Casa eventos,CHILE,56914720995
Event Hire Sydney,AUSTRALIA,6143432453
Lotus sonar spa,CHILE,56931548178
Eventos y banqueteria leonor contreras hormazabal e.i.r.l.,CHILE,56962720080
ROT Entertainment,COLOMBIA,57976489405
Live Nation,ESTADOS UNIDOS,154154674
Bafochi ltda,CHILE,56937657085
Horwath Productions INC.,ESTADOS UNIDOS,166739809
Agencia 360,BRASIL,55981319725
Mayam Producciones,CANADA,1877868821
Meta proyectos sa,CHILE,56940929599
Millie Millgate,AUSTRALIA,6145268664
Yellow House,CHILE,56958868610
G & t business group spa,CHILE,56954260382
CONTENIDOS Y ENTRETENIMIENTOS S.A. ,ARGENTINA,54957987145
Ibolele Producciones,ESPAÑA,34969809830
Eventos luis maturana ortega e.i.r.l,CHILE,56984565039
Mouro Producciones,ESPAÑA,34987009709
COMPAÑÍA ARGENTINA DE SUEÑOS ,ARGENTINA,54950205631
Sinstress Eventos,COLOMBIA,57949881782
Fg producciones,CHILE,56973651106
Los Angeles AV Production,ESTADOS UNIDOS,129530188
Nachhaltige Events,ALEMANIA,4972642958
Ee - servicio de eventos,CHILE,56994376160
PROSPERO PRODUCCIONES ,ARGENTINA,54981121681
Bierlinerin,ALEMANIA,4954523627
AEG,ESTADOS UNIDOS,138339286
AVANT GARDE RP,COLOMBIA,57950600008
Eventos F.C,COLOMBIA,57989921001
Ethno Nueva Zelanda,NUEVA ZELANDA,6416660401
MD+,ARGENTINA,54977219062
Lets Dance,NUEVA ZELANDA,6477349795
Hartmann Studios,ESTADOS UNIDOS,182398718
Dnj Producciones,COLOMBIA,57944470684
Freedom Eventos,COLOMBIA,57956812388
Queenstown Event Company,NUEVA ZELANDA,6495091750
Event Production Company,ESTADOS UNIDOS,114142196
Eveerlast Productions INC.,ESTADOS UNIDOS,151359131
Event Management NZ,NUEVA ZELANDA,6445721253
Nikkita producciones spa,CHILE,56996308812
IndyRock,ESPAÑA,34911917911
